word,weight
ববল,0.25047961094877375
পরধ,0.2504796109487737
পরভ,0.25047961094877336
হতয,0.17162491861304888
সষট,0.17162491861304885
করল,0.1716249186130488
